tweet,likes,retweet_count,state,state_code,ORIGIN,polarity,subjectivity
" This is how #Biden made his ! #TrumpIsNotAmerica ! https://t.co/uBqAFU86Ip",0.0,0.0,Montana,MT,biden_csv,,,
"#censorship #HunterBiden #Biden #BidenEmails #BidenEmail #Corruption https://t.co/C6clrtshQl",1.0,0.0,California,CA,biden_csv,,,
In 2020  #NYPost is being #censorship #CENSORED by Twitter to manipulate a US election in favor of #JoeBiden and against #Trump. but CCP from #China or porn on Twitter? That’s always been fine for is sick?,0.0,0.0,Illinois,IL,biden_csv,,,
FBI Allegedly Obtained Hunter Biden Computer  Data on Ukraine Dealings  Report Claims #JoeBiden #HunterBiden https://t.co/pDNmB0NqRU,0.0,0.0,Kentucky,KY,biden_csv,,,
Comments on this? Do Democrats Understand how Ruthless China is? https://t.co/QevK00yhs3 #China #HunterBiden #JoeBiden #BidenHarris #BidenHarris2020 #TrumpPence2020 #Trump #realDonaldTrump #WTO #coronavirus #trade https://t.co/Wjm1hyTFNZ,0.0,0.0,Florida,FL,biden_csv,,,
In an effort to find the truth about allegations that isnt allowing people to share the link to a article about Hunter Biden  this is what popped up #NYPost #HunterBiden #Biden #Election2020 https://t.co/yYImdZrOKz,1.0,0.0,Illinois,IL,biden_csv,,,
Twitter is doing everything they can to help Democrats win the election. Making sure nobody sees a negative story about Biden. Only Negative stories on Trump. #TwitterCensorship #Biden #Ukraine #HunterBiden https://t.co/dbLKQBMvRU,1.0,0.0,California,CA,biden_csv,,,
" #BidenCrimeFamily #JoeBiden #HunterBiden #HunterBidenEmails https://t.co/ottX1yP37j",0.0,0.0,California,CA,biden_csv,,,
VOTE FOR #JoeBiden https://t.co/IIROoL5U0O,9.0,5.0,Florida,FL,biden_csv,,,
"#Trump is tearing up #Biden at the #TrumpRally over the #HunterBidenEmails",0.0,1.0,California,CA,biden_csv,,,
Come on PLEASE DO THE RIGHT THING. Move the #biden town hall. I bet a requirement for Orange Monkey to do the NBC town hall was to have it opposite Biden. PLEASE MOVE YOURS.,0.0,0.0,New York,NY,biden_csv,,,
"#realDonaldTrump addresses #JoeBiden and #HunterBiden corruption  more proof of which discovered on a laptop. #ObamaBidenGate #NYPost #MSNBC #CBS #NBC #ABC #FoxNews #KamalaHarris https://t.co/7RtMOdoXGd",0.0,1.0,Minnesota,MN,biden_csv,,,
A simple question. Who are you voting for? #2020Election #DonaldTrump #JoeBiden #uspoli #mapoli,1.0,1.0,Massachusetts,MA,biden_csv,,,
" since you are censoring free speech  in regards to the #JoeBiden email scandal  I opened up a account. I wouldnt have done it without your motivation! #Parler #censorship #Twitter #Conservative",0.0,0.0,Minnesota,MN,biden_csv,,,
Has this awoken you from your slumbers yet Getting to the point where even you may have to file a negative story about #Biden! https://t.co/Y54y25n6dU,1.0,0.0,Virginia,VA,biden_csv,,,
Hunter Biden emails demonstrate the crooked Biden family. #Biden,0.0,0.0,Florida,FL,biden_csv,,,
Hunter #Biden introduced his father  then-Vice President Joe Biden  to a top executive at a Ukrainian energy firm less than a year before the elder Biden pressured government officials in Ukraine into firing a prosecutor who was investigating the company  according to emails,1.0,0.0,New York,NY,biden_csv,,,
This is from the same night I met the cast of #TWW and I was wearing the same shirt as #VOTE #voteblue #JoeBiden #LoveTrumpsHate https://t.co/aESuB1ipBq,0.0,0.0,Indiana,IN,biden_csv,,,
" #TrumpIsALaughingStock at his Iowa cult rally compared #JoeBiden to Putin  XI  and Kim Jong-un. In the same sentence he called shot and all 3 communist leaders SHARP #TrumpIsANationalDisgrace",0.0,0.0,Florida,FL,biden_csv,,,
These are #Biden people with bats. https://t.co/1UCaX1HvhC,0.0,0.0,South Carolina,SC,biden_csv,,,
The reason why Twitter has locked the New York Post account is because the Post is reporting on explosive new revelations that prove #JoeBiden lied to coverup his corrupt and illegal activity as Vice President. https://t.co/VEaoC6PrTU,0.0,0.0,Arkansas,AR,biden_csv,,,
Laptop computer abandoned at Delaware repair shop contains #emails between #HunterBiden &amp; senior #Burisma #adviser indicating Hunter arranged a meeting between then VP #JoeBiden &amp; the adviser in Washington  DC in 2015. Joe Biden Calls a Lid &amp; Hides https://t.co/X1ynqJzbUN,1.0,1.0,Washington,WA,biden_csv,,,
"#Biden lied https://t.co/Lqy0TBpXkg",3.0,0.0,Georgia,GA,biden_csv,,,
Vice President #Biden is 77 years young. I am willing to bet that he has a long list of things he’d rather focus on and enjoy life  than cleaning up the deadly mess left by spineless republicans and #DonTheCon His only motive is to #BuildBackBetter #VoteForDemocracy #Vote,0.0,0.0,California,CA,biden_csv,,,
Twazis says they blocked NY Posts #HunterBiden story cuz they block stories with stolen info. Lets test their theory &amp; #Leftist agenda in protecting #Biden with the story by the #NYPost on STOLEN secret audio tapes of #Trump! #LiberalPrivilege #MAGA https://t.co/bWriPoqI0d,19.0,16.0,South Carolina,SC,biden_csv,,,
" You’re not helping #Biden lmao. On the contrary.",0.0,0.0,Texas,TX,biden_csv,,,
" Where’s #JoeBiden hiding out? https://t.co/GWfbafFRCD",0.0,0.0,Ohio,OH,biden_csv,,,
So the #FBI received the LAPTOP with the EMAILS and instead of acting on behalf of the American people and pursuing justice  they pushed it under the rug to cover up for #JoeBiden #HunterBidenEmails #ChristopherWray Resign Now!,0.0,0.0,Arizona,AZ,biden_csv,,,
"#Trump has been banging on about the #China #Biden connection from the outset but was played down by #MSM as usual! https://t.co/SiqWtxj66d",0.0,0.0,Virginia,VA,biden_csv,,,
And Trump claims Biden has dementia? #DonaldOut #TrumpRally #trumpDementia #Biden #Vote #TrumpIsNotAmerica #MAGA #StopTrumpsTerror https://t.co/cuvce2uIpT,1.0,0.0,Maryland,MD,biden_csv,,,
"#TuckerCarlson is smashing the suppression by #Facebook and #Twitter of #Biden corruption influence-peddling scheme.",1.0,0.0,New York,NY,biden_csv,,,
How could #Facebook and #Twitter make the news about #HunterBiden and #Biden pay for play go viral? START CENSORING THE STORY The concept of backfiring still has not gotten through to people who want to suppress voices because their undies are in a knot.,1.0,0.0,New Jersey,NJ,biden_csv,,,
On Tuesday  November 8  I stopped by the store &amp; got myself a single slice of chocolate cake to celebrate as won the presidency. I threw that slice in the trash on 11/9/16  but I will be buying a whole damn cake on November 3  2020. #BidenHarris2020 #Biden #vote,1.0,0.0,Montana,MT,biden_csv,,,
" Disclaimer  totally support dems this #Election2020 but will watch #Trump #FlameShow to nurture the paranoia #Confidence in #JoeBiden lets me do this - it’s not all media numbers  it’s real",0.0,0.0,Virginia,VA,biden_csv,,,
"#HunterBiden #JoeBiden #CorruptDemocrats #Ukraine #bribery #VOTE #Election2020 https://t.co/nSnYm9a94s",2.0,1.0,Illinois,IL,biden_csv,,,
The 6 most misleading claims from #JoeBiden: #VoteGOP #TrumpPence2020 https://t.co/3xlz5yjOzX,0.0,0.0,Pennsylvania,PA,biden_csv,,,
Bye Bye #Biden Watching - Devastating,0.0,0.0,New York,NY,biden_csv,,,
" Actually  the President was impeached to cover the Lies by #JoeBiden   Obama and Hillary Clinton There  I fixed it for you #FakeNews #EnemyOfThePeople #mediahack",17.0,7.0,Montana,MT,biden_csv,,,
" Yeah  wonder if the voters would have voted that way knowing that #Biden is a crook. #NYPost",1.0,0.0,Virginia,VA,biden_csv,,,
" Impeached our president for something #JoeBiden did. We can’t let this stand",0.0,0.0,Maryland,MD,biden_csv,,,
" Doing the right thing for my county is easy hoping other due the same. A vote for #Biden will mean less trash more class in the White House. May I never read another foreign paper making fun of us again. #BidenHarrisToSaveAmerica",0.0,0.0,New York,NY,biden_csv,,,
I think I finally found what’s wrong with #JoeBiden besides #dementia this would explain his uncanny ability to lie for 40 years https://t.co/P09z1NDlAG,1.0,1.0,South Carolina,SC,biden_csv,,,
This man is in the wrong profession! He’s a comedian! #JoeBiden #Trump https://t.co/eWmLOvYTpQ,0.0,0.0,North Carolina,NC,biden_csv,,,
" how much is the #JoeBiden campaign paying you to ‘try’ to diffuse the #HunterBiden bombshell?",0.0,0.0,Ohio,OH,biden_csv,,,
This was not Hacked Material #HunterBiden #censorship #JoeBiden #BigTechCoup https://t.co/gEU71l3WNJ,1.0,0.0,Texas,TX,biden_csv,,,
"#JoeBiden knows Mitt Romneys name  he knows it very well. #BurismaBiden",0.0,0.0,Arizona,AZ,biden_csv,,,
" Trump is just as worse if not more. #JoeBiden #BlueWave",1.0,0.0,Texas,TX,biden_csv,,,
Serious as 4 heart attacks &amp; a stroke &amp; you have to search to find the story. SMDH #biden https://t.co/LZ5XwbxKvK,0.0,0.0,Louisiana,LA,biden_csv,,,
I cant rap my head around why anyone would want #biden when he hasnt done anything productive in 47 years. I know Trump is extremely abrasive and never says the right thing but the country has prospered under him. 56% of Americans feel their life is better then 4 years ago. 1/2,0.0,0.0,Arizona,AZ,biden_csv,,,
" signal was the key showing Birisma American in #Ukraine as #JoeBiden where they when approached by political in #UkraineGovernment ever sent their lower-ranking threatening company officials the sound of who was backing them would shakeup in #AmericanPowerfulFast",0.0,0.0,Ohio,OH,biden_csv,,,
Banned Biden News: New York Post Ukrainian Hunter Biden Article https://t.co/qb2nTq3kLy. #biden #corruption #ukraine #hunter #supressednews,1.0,0.0,Utah,UT,biden_csv,,,
New York Post story reveals Vice President Biden was up to his ears in Ukraine due to Hunter Biden #BlackLivesMatter #Biden #VoteTrump,0.0,0.0,Texas,TX,biden_csv,,,
How has #JoeBiden managed to maintain his luxurious homes and lifestyle  on a Government salary?,0.0,0.0,Arizona,AZ,biden_csv,,,
"#Tucker has two homes worth 2.5 million each and a rental in DC at 20 000 monthly. #JoeBiden #JoeBidenKnew #JoeLied",8.0,6.0,Florida,FL,biden_csv,,,
I bet if you could get #JoeBiden to open up around a beer or two he would say he is owed the right to benefit his family thru #govt because of all his #public service. He gave up his life to help us so he can help them. #SwampThing,0.0,0.0,Missouri,MO,biden_csv,,,
" lol Your censorship and dishonesty are the issue  not the way you tried to justify it. Isnt there a limit on in-kind contributions to #Biden?",0.0,0.0,Louisiana,LA,biden_csv,,,
" Don’t worry This house will be tuning into #JoeBiden",0.0,0.0,Florida,FL,biden_csv,,,
"#America  don’t you agree? #JoeBiden is as #corrupt as #Obama. #tcot #ccot #MAGA #KAG #KAG2020 https://t.co/fQoHgLiRXg",0.0,0.0,Tennessee,TN,biden_csv,,,
JUST ANOTHER TRUMP LIE!! #JoeBiden did not push out a Ukrainian prosecutor for investigating his son  The Washington Post confirms #HunterBiden #Burisma https://t.co/spNDvBHOKh,1.0,0.0,Florida,FL,biden_csv,,,
Make America Great Again &amp; Build Back Better ? Hummm I wonder where #JoeBiden got his Idea from ? #BidenHarrisToSaveAmerica if he keeps stealing s Great Ideas https://t.co/FSQLbWWuY5,0.0,0.0,Montana,MT,biden_csv,,,
The cats out the bag #Comeonman #Biden #QuidProJoe # https://t.co/FvoP9fkJqC,0.0,0.0,Minnesota,MN,biden_csv,,,
Politico: #Biden Campaign ‘Would Not Rule Out Possibility’ Biden Met with Burisma Adviser Pozharskyi https://t.co/ICMsppSCOs,0.0,0.0,Pennsylvania,PA,biden_csv,,,
Just did a zoom canvassing training session for PA Democrats. 165 volunteers were on the call! Plz do not take this election for granted. we will need every single vote for #Biden! If you’re interested in volunteering in PA DM me! Im going to Philly this weekend to Knock 4 Joe!,7.0,1.0,New York,NY,biden_csv,,,
2 of the most powerful and largest social media cos.  #Facebook and #Twitter is censoring again. Why dont they want you to know the truth? Its because they are supporting #Biden for Pres &amp; want to hide Bidens corruption until after election. #Trump2020 https://t.co/AUISvg97e7,0.0,0.0,Texas,TX,biden_csv,,,
"Why was the Vice President of the United States in Ukraine firing a Ukrainian prosecutor? #JoeBiden #HunterBidenEmails We need answers. ",2.0,0.0,California,CA,biden_csv,,,
Quid Pro Quo Joe and his son Hunter #JoeBiden #HunterBiden #Ukraine https://t.co/OfJKjsouTK,0.0,0.0,California,CA,biden_csv,,,
Lets all use the If This Were The Trumps standard  shall we? #HunterBidenEmails #JoeBiden,3.0,0.0,South Carolina,SC,biden_csv,,,
The #Biden mafia needs to get rolled up.,0.0,0.0,New York,NY,biden_csv,,,
Hey #Twatter . . . are you properly documenting all of your #InKindContributions to the #DNC and #JoeBidens campaign? https://t.co/RvkrGSaLTV,0.0,0.0,Wyoming,WY,biden_csv,,,
" Getting #JoeBiden elected is their get out of jail free card. Why do you think the swamp is working overtime...to save all the asses",0.0,0.0,Tennessee,TN,biden_csv,,,
LMAO.... US ELECTION SECTION OF TWITTER! #HunterBiden Story with #JoeBiden &amp; corruption strangling missing. https://t.co/DndtrGwqEE,3.0,0.0,New Jersey,NJ,biden_csv,,,
"#twitter #censors #trump campaign to silence her re #joebiden son #hunterbiden n his #ukraine #crimes https://t.co/JamuhKPz7g",0.0,0.0,Ohio,OH,biden_csv,,,
BREAKING 2.5 M views in 2 days. #CIA #Whistleblower implicates #Biden #Obama #HillaryClinton in SEAL Team Six slaughter. #Benghazi #BenghaziBombshell #JohnBrennan #BenRhodes #Potus44 #OsamaBinLaden #ObamaBidengate #IRAN #obl https://t.co/ymt7pDlgnO,4.0,3.0,Ohio,OH,biden_csv,,,
"#RegulateBigTech #RegulateSiliconValley #Google #Twitter #Facebook End #AntiTrust #Exemption Break up the #BigTech #Monopolies #RedChina Owns #SiliconValley #RedChina Owns #Biden #HunterBidenChinaPayoff #BillionAndHalf #Burisma #Ukraine Corruption #BidenFamilyCorruption https://t.co/e1Q4uAFqov",0.0,0.0,California,CA,biden_csv,,,
"#Biden will cancel town hall",0.0,0.0,Indiana,IN,biden_csv,,,
Why didn’t Joe come out and have a press conference today? Confront the allegations and explain why they are untrue. People need answers. Something fishy here #Election2020 #Biden,0.0,0.0,Illinois,IL,biden_csv,,,
"#HunterBiden #JoeBiden https://t.co/hBSoa3dqh2",0.0,0.0,Texas,TX,biden_csv,,,
"#Twitter blocks the account of one of the largest newspapers in the U. S. They #censoring  covering up for #Bidens crookedness. #Trump2020 https://t.co/9QIe3ggJlS",2.0,0.0,Texas,TX,biden_csv,,,
" &amp; could you please speak out and shine a light on the Twitter &amp; Facebook election interfering censorship of the biden emails &amp; crackpipe photos. #HunterBidenEmails #HunterBiden #HuntersEmails #BurismaBiden #BurismaGate #JoeBiden",1.0,0.0,North Carolina,NC,biden_csv,,,
. on Thread Reader App – Thread Reader App Another great by Drew on the hypocrisy of blue check marks &amp; #MSM #NYPost #Vote #VoteGold #VoteRed #VoteBlue #HunterBiden #JoeBiden #SteeleDossier #Election2020 #WalkAway #HunterBidenEmails https://t.co/gBA2xDxpm1,1.0,0.0,Florida,FL,biden_csv,,,
Disqualified. Withdrawal from the race. #JoeBiden #HunterBiden #HunterBidenEmails #Biden #impeachment #Election2020 #Swamp #Ukraine #crackhead,1.0,0.0,Pennsylvania,PA,biden_csv,,,
Inside Hunter #Bidens murky history of business dealings in China https://t.co/gNDGtOTwz8,0.0,0.0,Florida,FL,biden_csv,,,
By the time the #JoeBiden Administration ends will be 71 years old too old to return to the Governorship his younger brother could run to take his place he will be 51 next year he could follow in his father’s and brother’s footsteps. https://t.co/ZCp7iOsJkJ,0.0,0.0,Georgia,GA,biden_csv,,,
Twitter wont let you post the NYPost link on it.. but I sure can give you my monologue on the #JoeBiden #HunterBiden email scandal. https://t.co/zSrejOUTGe Has Joe been lying the whole time?,607.0,382.0,Texas,TX,biden_csv,,,
It’s called censorship. Unacceptable. #Election2020 #Biden https://t.co/4aXMGD5tq7,0.0,0.0,Illinois,IL,biden_csv,,,
"#HunterBiden #Biden #JoeBidenIsSick #BigTechCoup #VoteRED2020RemoveEveryDemocrat #VOTE",0.0,0.0,Texas,TX,biden_csv,,,
"#JoeBidens homes. The sacrifices of Public Service. Even as a kid in high school Id been seduced by real estate  he wrote in his 2007 https://t.co/nwtqeWa0VX",1.0,2.0,Pennsylvania,PA,biden_csv,,,
"I went on a 2 hour drive on the back roads of Massachusetts this afternoon. And I didn’t see one Trump flag! We saw about 30 #BidenHarris flags &amp; signs. This made myself &amp; my 12 year old daughter happy! We even have a happy cheer we do as we pass the houses. Lol. #Biden ",0.0,0.0,Massachusetts,MA,biden_csv,,,
Heres the most detailed and best takedown yet of how the ⁦⁩ mishandled the #Biden kompromat that #Giuliani and #Bannon managed to dump into its pages. https://t.co/LrXg5iCn8U,13.0,13.0,Illinois,IL,biden_csv,,,
"#JoeBiden claimed he got the ouster. Biden said  youre not getting the billion dollars...Im leaving in six hours...if the prosecutor is not fired youre not getting the money. Well  son of a bitch  the prosecutor got fired. So...#JoeBidenIsALiar #HunterBiden https://t.co/BguV6JLehH",3.0,1.0,Arizona,AZ,biden_csv,,,
" NO! not when the father #JoeBiden the at the time and also currently running for is complicit with the macreant son.",0.0,0.0,Texas,TX,biden_csv,,,
" hi! What will you do about student loans? Please make them go away! Thanks! #President #vote #studentloans #BidenHarris #Biden2020 #JoeBiden #KamalaHarris https://t.co/Z1zkMJCMMY",0.0,0.0,New York,NY,biden_csv,,,
The WAR has begun and are now attempting to sensor and or influence the elections by blocking the truth! #HunterBiden #JoeBiden #Democrats #commies #censorship #QAnons https://t.co/B22u1jDqeA,2.0,2.0,Oregon,OR,biden_csv,,,
" I supported a #Biden presidential run before he officially announced. Will be highly upset if and his AG dont address judicial reform. #TheReidOut #AmyConeyBarrett https://t.co/tbqUGxW7LI",1.0,0.0,District of Columbia,DC,biden_csv,,,
Hey kids  share this! #BidenHarris #Biden #Harris #Biden2020 #BoycottNBC https://t.co/3QqNrGbYwR,0.0,0.0,Oregon,OR,biden_csv,,,
Can this get any wilder???? Me thinks yes... #HunterBidenEmails #JoeBiden #Trump https://t.co/EUAv5ggMSA,1.0,0.0,Indiana,IN,biden_csv,,,
" more viewers than #TrumpTownHall . The ratings shldb huge! The next few days will b filled w/coverage of them both. Will it chg any minds? Doubtful. Itll b inspiring 2 hear #Biden lay out plans 4 a better future.",2.0,0.0,Oklahoma,OK,biden_csv,,,
How does #Biden I have more hair now than he did 20 years ago?? #Tucker,0.0,0.0,Texas,TX,biden_csv,,,
"#Twitter is blocking certain #CDC data since they dont agree with it. Both #Facebook and Twitter are censoring the truth about #JoeBiden and the #BidenHarris ticket. Vote #Trump. Stand up for #America #Trump2020",0.0,0.0,Texas,TX,biden_csv,,,
watching the legacy media and big tech work in concert to push back and censor the #HunterBiden #JoeBiden #UkraineGate story it makes you realize the fact #Trump has a shot at this election is such a testament to independent media.,0.0,0.0,Georgia,GA,biden_csv,,,
" #biden landslide! You know it!",1.0,0.0,New Mexico,NM,biden_csv,,,
This is a lawsuit in the making! #BREAKING #JoeBiden #JoeBidenIsALiar https://t.co/gwGyFAhngJ,0.0,0.0,Florida,FL,biden_csv,,,
Hunter Biden’s alleged laptop: an explainer https://t.co/YUT4xRCGP8 #Trump #Russia #Giuliani #HunterBiden #Biden #TrumpDirtyTrick #NewsCorp #NYPost #RupertMurdoch #Murdoch #Rudy #Putin #Ukraine,1.0,0.0,New York,NY,biden_csv,,,
In kind donation to campaign thanks to #Burisma ? pic below him sleeping w smoke pipe in mouth #WalkAway donate to #Biden #EndPropaganda #factMatters https://t.co/w3GXVDf0Ud https://t.co/DU10skxFML,0.0,0.0,New York,NY,biden_csv,,,
"#joebiden #hunterbiden #maga #america https://t.co/SwFnOazJDa",0.0,0.0,California,CA,biden_csv,,,
"#Memes #this #Biden https://t.co/enKUzXobQg",0.0,0.0,Michigan,MI,biden_csv,,,
Joe Biden Has No Idea How Long Trump Has Been President: The Last Two T... https://t.co/rorM5T0O4Q via #Biden,0.0,0.0,Pennsylvania,PA,biden_csv,,,
" #Biden lied! https://t.co/ja9QTnemIh",0.0,0.0,California,CA,biden_csv,,,
"#vote #voteblue2020 #joebiden #kamalaharris #fucktrump https://t.co/2ZzKhE20f2",46.0,0.0,California,CA,biden_csv,,,
Un correo electrónico recién publicado lleva el escándalo de #Biden #Ucrania a un nuevo extremo. Leer más: https://t.co/AVFSINzHCg https://t.co/7NMdFqRUJu,2.0,3.0,Arizona,AZ,biden_csv,,,
Facts: #wednesday #ThursdayThoughts #Thursday #fridaymorning #Friday #Biden #Mitt #Romney ️https:// nypost. com / 2020 / 10 / 14 / email - reveals - how - hunter- biden- introduced- ukrainian - biz- man- to- dad https://t.co/YghYQ9nLra,0.0,0.0,Maryland,MD,biden_csv,,,
" The definitive Trump book! The author’s biting use of humor is like the proverbial ‘spoonful of sugar’ to ‘help the medicine go down.’ 1700 references. Please share. https://t.co/QPTNT01xi8 #Trump #trumpbook #biden #bidenharris2020",0.0,0.0,Ohio,OH,biden_csv,,,
" If they woukd do the same to Trump  and sycophants like Guiliani  Steven Miller  and other scum that #LiveToLie these #BasketOfIndictables get too much leway but glad to hear twitter are beginning to police some of these professional liars! #StarveTheLies #LyingIsLETHAL #Biden https://t.co/BIL6bmLk0k",17.0,8.0,Illinois,IL,biden_csv,,,
" #Biden lied! https://t.co/ypY8xeaDFv",0.0,0.0,California,CA,biden_csv,,,
"#JoeBiden #BlackLivesMatter #loveislove #nohumanbeingisillegal #scienceisreal #bekindtoall https://t.co/ATCxbRJs11",3.0,0.0,Florida,FL,biden_csv,,,
If you think any rapper who makes over 400 000 a year #pdiddy is #voting for #BidenHarris2020 #Biden you’re crazy yes they will #vote for #trump he better suits them,1.0,0.0,Ohio,OH,biden_csv,,,
" Toomey already announced he is not running Romney offers weak tea whenever it is not a real risk. If they love America they will endorse #JoeBiden and block #AmyConeyBarrett",2.0,1.0,Pennsylvania,PA,biden_csv,,,
So now #facebook is #censoring more like blocking the #joebiden son #hunterbiden dirty dealing #crimunal report coming out of the #ukraine,0.0,0.0,Ohio,OH,biden_csv,,,
" The fact that twitter has gone to such great lengths to censor this story so that nobody sees it makes me believe it even more. Twitter is prepared to do whatever they can in order to get Biden elected. #Biden #HunterBiden #TwitterCensorship #NewYorkPost",0.0,1.0,California,CA,biden_csv,,,
Let me get this straight... Hillary Clinton  who was going to break the glass ceiling and was 14 pts up on Trump in polls 1 week before election lost  but Biden  a gaff machine &amp; walking zombie is ahead &amp; will beat Trump &amp; become president? #MAGA2020 #Biden #TRUMPTRAIN https://t.co/AuD9dhx2Vm,0.0,0.0,Texas,TX,biden_csv,,,
" #WeThePeople will be heard on this story #HunterBiden #HunterBidenEmails #BidenHarris #Biden #BidenHarris2020 https://t.co/HgyU3FklEf",5.0,3.0,Ohio,OH,biden_csv,,,
" The definitive Trump book! The author’s biting use of humor is like the proverbial ‘spoonful of sugar’ to ‘help the medicine go down.’ 1700 references. Please share. https://t.co/QPTNT01xi8 #Trump #trumpbook #biden #bidenharris2020",0.0,0.0,Ohio,OH,biden_csv,,,
Barrett is a horrible choice  &amp; a slap in the face to RBG. If you love your country  vote him out Sing along for democracy Share  repost  retweet etc https://t.co/s59lGQfrzt... #VoteHimOut2020 #VoteHimOut #DonTheCon #COVIDIOT #COVID19 #Biden #WeDissent #BlockBarrett #WhatsAtStake,0.0,0.0,Florida,FL,biden_csv,,,
Biden Email LEAK Shows Evidence Joe Biden LIED About Ukraine Dealings  Democrats Are Freaking Out #biden #HunterBiden #HunterBidenEmails #censorship #Facebook #Twitter #SocialMedia https://t.co/WkDsGx6ms4,1.0,0.0,California,CA,biden_csv,,,
"#HunterBiden #JoeBiden #JoeBidenKamalaHarris2020 #Twitter #Facebook #NYPost #censorship #Election2020 Thanks for making Joe &amp; Hunter Biden MEMEs fun! Joe Biden does not have any public support either in person or in views (check it out) 2016 polls are back https://t.co/i9GmfsLMFw",4.0,3.0,Florida,FL,biden_csv,,,
So I’m reading that #HunterBiden put his dad #JoeBiden in contact with #Burisma. No more denial  #JoeBiden,1.0,0.0,Texas,TX,biden_csv,,,
" We don’t want #corrupt #JoeBiden as our President! No way he will flip us blue! #Trump2020LandslideVictory ️",0.0,0.0,Ohio,OH,biden_csv,,,
" If there was any sense at all this election would be fair its gone now. Because of democrat deception  MSM  &amp; now Big Tech censorship all trust has been erased. #NYPost #JoeBiden #HunterBiden",1.0,0.0,Kentucky,KY,biden_csv,,,
" #JoeBiden bragging about telling Ukraine that they had 6 hrs to fire the prosecutor who was investigating his son or as the Vice President of the USA hed withhold 1 Billion. Then he says well SOB they fired him. Then they all laughed. https://t.co/nF3TxaYrfC #HunterBiden",0.0,1.0,California,CA,biden_csv,,,
"#Facebook #Twitter #HunterBiden #JoeBiden #JoeBidenIsALiar https://t.co/ZqImTe2PXw",0.0,0.0,Pennsylvania,PA,biden_csv,,,
"#JoeBiden At minimum you were asked by your son to meet with a representative of a company your son was being paid a substantial monthly sum. Since you denied any knowledge of your sons activities  you lied to America.",1.0,0.0,California,CA,biden_csv,,,
"#JoeBiden-Somethings rotten in Delaware-",1.0,1.0,Florida,FL,biden_csv,,,
Ted Cruz: Twitter Censorship of Damaging Hunter Biden New York Post Story Obvious Attempt to Influence #Election #Twitter is on Team #Biden &amp; are doing damage control for him. Are they getting paid for it? https://t.co/ywR1f5nWKj,0.0,0.0,Oregon,OR,biden_csv,,,
ICYMI - #Trump Hits #Biden on Fracking in Appeal to Pennsylvania Voters - https://t.co/urqVLzXvU7? #naturalgas #energy #natgas #oil #oilandgas #fracking,1.0,1.0,California,CA,biden_csv,,,
" They were not ill just tested positive. Vote #JoeBiden",0.0,0.0,Texas,TX,biden_csv,,,
" What the part where #JoeBiden didn’t know anything",0.0,0.0,Louisiana,LA,biden_csv,,,
Hunter #Biden won a Nobel Peace Prize  Rs try to keep up.,0.0,0.0,Pennsylvania,PA,biden_csv,,,
Does the #HunterBiden #HunterBidenEmails #NYPost story taint the #JoeBiden #BidenHarris2020 campaign?,0.0,0.0,Nebraska,NE,biden_csv,,,
Hunter Biden facilitated communications between then VP #JoeBiden and Vadym Pozharskyi? Seriously? Oh Joe say it aint so! Say it aint so  Joe! https://t.co/dgOBGAy0Rt,0.0,0.0,California,CA,biden_csv,,,
Hey . WE have been waiting for your statement regarding the damning information about #JoeBiden and his son #HunterBiden YOUR silence is deafening. . . . . .,1.0,0.0,Nevada,NV,biden_csv,,,
" Great again ? When your gone trust me it will be. #Biden #ByeDon https://t.co/10GDfc1NxC",3.0,0.0,Arizona,AZ,biden_csv,,,
Social Security  Medicare and the Election - Where Do Trump and Biden Stand? Do you know the differences and similarities in their plans for these programs? Get the facts: Link: https://t.co/yHqo5mkVr8 #SocialSecurity #Medicare #Election2020 #Trump #Biden https://t.co/kdafKK9bqL,1.0,1.0,California,CA,biden_csv,,,
" Wrong. Wrong. #JoeBiden cannot  and won’t  dance to #Trump’s dipping and sashaying",0.0,0.0,Virginia,VA,biden_csv,,,
Look at Twitter re: #HunterBiden &amp; #JoeBiden . A disgrace! https://t.co/j6yYoShtAO,4.0,1.0,Georgia,GA,biden_csv,,,
" is afraid to face #JoeBiden for he is incapable of dealing with facts and real questions from an audience. #NBC should not give him any airtime. https://t.co/8grNOJ8sVA",0.0,0.0,California,CA,biden_csv,,,
"#ARMENIA #ARTSAKH #DEFENDARMENIA #ARMENIASTRONG #ARTSAKHSTRONG #STOPERDOGAN #STOPTURKEY #SANCTIONERDOGAN #SANCTIONTURKEY #STOPALIYEV #STOPAZERBAIJAN #SANCTIONALIYEV #SANCTIONAZERBAIJAN #STOPAZERIAGGRESSION #DUXOV #հաղթելուենք #հայաստան #Turkey #Azerbaijan #USA #Trump #Biden https://t.co/ucQ5l74UOu",1.0,0.0,California,CA,biden_csv,,,
Its a big club  and Hunter Biden is definitely in it https://t.co/Ow5icG1N5J #HunterBiden Ice Cube Barron #JoeBiden Twitter and Facebook Parler,0.0,0.0,California,CA,biden_csv,,,
"Artists for #JoeBiden Uncle Kracker - Drift Away (Official Video) https://t.co/TllKse8muN via ",1.0,0.0,District of Columbia,DC,biden_csv,,,
" Yaaaaaaaaaaaaaaaaaaaaaaaaaaaaaaaaaaaaaaaaaaaay!!!!! Joy to the world!!!!!!! Yipppeeee!!!!! Bye Kayleigh. Twitter does not like it. Blame the dems if you want but America sees through you. #demcast #oneV1 #bluedot #VoteThemAllOut #EnoughisEnough #BidenHarrisToSaveAmerica #Biden https://t.co/si7XCLsk79",12.0,9.0,New York,NY,biden_csv,,,
Joe #Biden is proud of his kids  unlike #DumbassDonald who beat his one child while in College in front of his friends... #BidenHarris2020 #BidenHarris,0.0,0.0,Pennsylvania,PA,biden_csv,,,
I’ll be watching #JoeBiden https://t.co/xVYAC9bpxb,0.0,0.0,North Carolina,NC,biden_csv,,,
It is clear from the #HunterBiden emails that #JoeBiden is a clearly corrupt liar  but we already knew that... In the past Joe Biden has clearly stated he never met with any Burisma Executives  yet he did  clearly in order to enrich Hunter Biden,1.0,0.0,Arizona,AZ,biden_csv,,,
"#JoeBiden doesnt have to plead innocent in the #HunterBidenEmails scandal. He has the #MSM to do that.",0.0,0.0,Alabama,AL,biden_csv,,,
If #JoeBiden isnt corrupt hes... a liar... or clueless... either way  hes unqualified to be president. #HunterBidenEmails #HunterBiden,11.0,4.0,Arizona,AZ,biden_csv,,,
VOTE!!! #voteblue #bidenharris2020 #joebiden #bidenharris2020 #kamalaharris #lovemycountry #bluewave #patrioticmannaquin #sananselmo #marincounty #california Sorich Ranch Park https://t.co/qEMq0Jwo0D,0.0,0.0,California,CA,biden_csv,,,
"#WheresHunter #HunterBidenEmails #JoeBiden #Election2020 https://t.co/AjBmDEwZMe",0.0,0.0,West Virginia,WV,biden_csv,,,
They keep removing this video from YouTube. https://t.co/3NTpLpPS6s Biden quid pro quo. #JoeBiden #QuidProQuo #QuidProQuoJoe,0.0,0.0,California,CA,biden_csv,,,
"#McEnany shared a NYP report alleging #HunterBiden &amp; #JoeBiden met with a top executive of the Ukrainian gas company Burisma in 2015.? …and that’s why McEnany account has been locked? The Social Platforms become crazy! https://t.co/kIngcDdocB",0.0,0.0,New York,NY,biden_csv,,,
"#HunterBiden was selling #JoeBiden #HunterBidenEmails #DemocratsAreDestroyingAmerica",0.0,0.0,Illinois,IL,biden_csv,,,
" I LOVE LOVE LOVE IT! You have so much history and  now  the future! Music is wonderful. A romantic #AMERICA with President #Biden and Vice-President #Harris. #VoteEarly",7.0,0.0,New York,NY,biden_csv,,,
" you have crossed the threshold by banning the #biden story. We need our political leaders to shut down big tech misinformation and political manipulation #censorship #twittertechcensors. #lockthemup",0.0,0.0,Florida,FL,biden_csv,,,
HOW? In gods name  can categorically confirm what the Motive was for #JoeBiden?????? B/c he said so?!?! THIS is a failure of ALL Mainstream-Media. And if you ALL dont call it out  you are JUST as guilty. #CNN #NYTIMES #MSM #NewsFail #CBS #ABC #NBC #FOX #WSJ,2.0,2.0,Colorado,CO,biden_csv,,,
" 3d Printed Mechanism Pence Over Flies Inspired by   I made this creation. I hope you like it. For more complete of this project  visit: https://t.co/s3zEfuIfpd It is free to download. #3dprinting #diy4pro #electronic #mechanism #JoeBiden #JoeBidenKamalaHarris2020 https://t.co/7WNAkKjWQT",1.0,0.0,California,CA,biden_csv,,,
It appears that is just as corrupt as #biden .,0.0,0.0,Louisiana,LA,biden_csv,,,
" should drop out of the race because of his lies about and connection to his son’s corruption and crimes. Democrats have literally done what they accused Trump of and much worse. The people are sick of endless investigations  we want justice!#HunterBidenEmails #JoeBiden https://t.co/wyrheoaKPA",1.0,0.0,Minnesota,MN,biden_csv,,,
" I wonder who is voting for? -said no one ever #TwitterCensorship #HunterBiden #Biden #NewYorkPost #Trump",1.0,1.0,California,CA,biden_csv,,,
" Ppl are scared of you and #JoeBiden! #KamalaHarris #AmyConeyBarrett #AmyConeyBarrettSCOTUS",0.0,0.0,Indiana,IN,biden_csv,,,
Kerry Family Cuts Ties With Biden Family Over Corrupt Ukraine Dealings (Aug 2019) https://t.co/2fDRMEqApk #HunterBiden #Burisma #JoeBiden #DemocratsAreDestroyingAmerica #DemocratCensorship Twitter and Facebook,0.0,0.0,California,CA,biden_csv,,,
this #bonehead #Biden is silent now on #courtpacking stance  but in 1983 he called it a bonehead idea. #LiberalismIsAMentalDisorder #Democrat Dopes! https://t.co/B1UT2OwPoz,2.0,1.0,Illinois,IL,biden_csv,,,
"#Biden necesita ganar Michigan para proclamarse presidente de #EEUU https://t.co/adXpVwicis",0.0,0.0,District of Columbia,DC,biden_csv,,,
Good question from #TuckerCarlsonTonight Did #JoeBiden take any money for himself or for interests that benefit him in Burisma matter? He went on to say its a reasonable question because Biden has been in office 47 years &amp; somehow amassed quite a fortune #JoeBidenIsCorrupt,1.0,0.0,Arizona,AZ,biden_csv,,,
Joe / Hunter Biden corruption #NewYorkPost #Biden #HunterBiden #HunterBidenEmails #JoeBiden https://t.co/GxaKvflRxz,1.0,0.0,Indiana,IN,biden_csv,,,
Reading the #WashingtonPost defense of is the funniest thing I have seen in 50 years #JoeBiden bragging about pressuring #Ukraine in front of a crowd while on TV  That was all just a dream-NEVER happened! #LiberalismIsAMentalDisorder #VoteRedToSaveAmerica,2.0,1.0,Ohio,OH,biden_csv,,,
Check Your Ballot Unisex Heavy Cotton Tee https://t.co/uKYM9KZ5j6 #halloween #election #icecube #vote #comic #halloween4ever #Biden #Trump,0.0,0.0,New Jersey,NJ,biden_csv,,,
" Apparently Hunter Biden facilitated communications between then VP #JoeBiden and Vadym Pozharskyi.",0.0,0.0,California,CA,biden_csv,,,
" Put every device in your house tuned into #JoeBiden Phones and ipads on streaming  televisions on the broadcast",0.0,0.0,Pennsylvania,PA,biden_csv,,,
"#HunterBiden #HyderabadRain #HunterLaptop #DonaldTrump #JoeBiden https://t.co/hADwqLNCeA",0.0,0.0,Pennsylvania,PA,biden_csv,,,
I’ll be watching Biden for sure!#Biden #BidenCares https://t.co/gmu7JwPDI3,0.0,0.0,Indiana,IN,biden_csv,,,
Bidens Burisma problem will not go away (March 2020) https://t.co/2YyYgax1UJ #JoeBiden #Ukraine #MittRomneysBurismaTies #HunterBiden Twitter and Facebook,1.0,0.0,California,CA,biden_csv,,,
MULTI CHAMPION PRESIDENT #Trump2020 #MAGA #Biden #HunterBiden,2.0,1.0,Michigan,MI,biden_csv,,,
Scientific journal Nature endorses Biden #Biden,0.0,0.0,Florida,FL,biden_csv,,,
" Let’s watch the stability of #Biden on Town Hall. Don’t give Trump the ratings. I have voted already and will be watching. Join me. Pass it on. #vote",0.0,0.0,California,CA,biden_csv,,,
" He wants us to vote for him  but after that? Well...it is what it is. Herd mentality... yada yada yada. Sorry  #MafiaDon. I voted for #JoeBiden.",1.0,0.0,Idaho,ID,biden_csv,,,
BAM! #VOTE #KHIVE #Kamala #Biden https://t.co/ePN9Yk4Rbv,1.0,0.0,Wisconsin,WI,biden_csv,,,
Strong reasons. Overwhelming reasons. To vote. To vote for #JoeBiden. https://t.co/amGBTGuiG7,6.0,1.0,District of Columbia,DC,biden_csv,,,
" Not all of them.#HunterBiden was the head of the World Food Program that just received the Nobel Peace Prize. While trump’s sons were slaughtering endangered species and stealing from charities  #JoeBiden’s son works to feed the hungry. https://t.co/pVhHs1IMdz",0.0,0.0,New York,NY,biden_csv,,,
Run to the Polls Unisex Jersey Short Sleeve Tee https://t.co/KcAfDGrYAb #halloween #Biden #Trump #election2020 #America #comic #icecube #horrormovies,0.0,0.0,New Jersey,NJ,biden_csv,,,
" Lol at the #Biden campaign. The informal part is the problematic part. ",0.0,0.0,Tennessee,TN,biden_csv,,,
" Jack the whole world knows why #Twitter and #Facebook censored the #NYPost article about #JoeBiden and #HunterBiden and why you both are locking accounts that retweeted said articles..and it has nothing to do with your Orwellian explanation..dont worry #Democrats have your back. https://t.co/UHw0nf3522",3.0,1.0,Nevada,NV,biden_csv,,,
"#HunterBiden Its a damn shame theres video of Joe Biden bragging about getting the prosecutor fired and telling them if they didnt they wouldnt get the money.. well son of a bitch he was fired. -Joe Biden #JoeBiden #Ukraine #Burisma #CNN #FoxNews #MSNBC",4.0,3.0,Colorado,CO,biden_csv,,,
If I was Joe Biden  and I knew how guilty and fragile my one remaining son was  I would NOT have run for president of the US. How power hungry would you have to be to do this to your child? It appears Joe is also guilty. #JoeBiden #BidenTownHall #BidenHarris2020 #BidenINC,1.0,0.0,District of Columbia,DC,biden_csv,,,
" Praise Be! Come on Kentucky! I believe in you! ️ #BidenHarris #JoeBiden #VoteBlueDownBallot",1.0,0.0,California,CA,biden_csv,,,
I literally cannot post the link. Please Google New York Post Biden e-mails #NYPost #Biden #emails #TwitterCensorship Please let me know if this story is untrue. This is really bad that you cant even post the link. https://t.co/k22IZ6DCkX,0.0,0.0,New Jersey,NJ,biden_csv,,,
"#politics Video links to ELECTION 2020 #BidenvsTrump #DonaldTrump #election2020 #JoeBiden #TrumpvsBiden https://t.co/gKQ2H2RFvF",0.0,0.0,North Carolina,NC,biden_csv,,,
If we actually had journalists in this country they would be waiting outside Joe Bidens house like they were in Richard Jewell. He must answer for his corruption. This is unacceptable for a presidential candidate who has denied any such corruption. #JoeBiden #QuidProJoe #coward,6.0,4.0,Wisconsin,WI,biden_csv,,,
A nice evening at the #Bidens tonight. https://t.co/sYBwJS0XeI,0.0,0.0,New Jersey,NJ,biden_csv,,,
I saw eating a Blizzard on his Instagram so I went to to get a blizzard #JoeBiden #NationalDessertDay #ontuesdayvoteblue #votethemeangirlout https://t.co/k2IucAjWE7,1.0,0.0,Massachusetts,MA,biden_csv,,,
End #BigTech# #Monopolies #RegulateSiliconValley #RegulateBigTech #Google #Twitter #Facebook End #Censorship of #Conservatives End #AntiTrust #Exemption #RedChina Owns #SiliconValley #RedChina Owns #Biden #HunterBidenChinaPayoff #BillionAndHalf #BidenFamilyCorruption https://t.co/LDdLbZq2dG,0.0,0.0,California,CA,biden_csv,,,
Please search for: Sympathy For The Liberal. Get the whole set (1 through 8). What is the Nature of their Game? #Trump #Biden #Election #Politics,0.0,0.0,Florida,FL,biden_csv,,,
Remember when publicly announced she would step aside so #Biden could select a woman of color for his VP? #obama gained a lot of support to became our 1st black president. Luckily  #KamalaHarris has #blm and #AffirmativeAction. #25thAmendment,0.0,0.0,Texas,TX,biden_csv,,,
Joe Bidens campaign DENIES he met Hunters Ukrainian business partner https://t.co/YqrDq5dyIF via / #CNN #FoxNews #MSNBC #JoeBiden #HunterBiden,2.0,3.0,Colorado,CO,biden_csv,,,
Watch the #Pravda press go into full damage control saying that #Biden never pushed out the prosecutor and he was never investigating Burisma! Only problem is that the prosecutor sd he WAS  and was in the process of questioning #HunterBiden. I hear many more bombshells coming!,1.0,0.0,Florida,FL,biden_csv,,,
The latest political polls https://t.co/Spjk2mPnm8 Have #JoeBiden Winning. See 538 site for polls.,0.0,0.0,New Jersey,NJ,biden_csv,,,
"https://t.co/LnFbTP1Y4R Time to revisit this juicy report: #joebiden #bidenharris #biden #hunterbiden #ukraine #burisma #bidenukraine #ukrainegate #bigtech #censorship #tds #walkaway ",2.0,1.0,Washington,WA,biden_csv,,,
Tell me how you can support #JoeBiden ???? https://t.co/MLgojcJjIU,0.0,0.0,Ohio,OH,biden_csv,,,
"Crazy how as soon as people get the burning again about #Extortion17 and #Benghazi all of a sudden there is a MSM source that drops the Hunter Biden story please remember to multitask this one #Patriots  #JoeBiden is the fall guy  keep your on the real prize ",5.0,3.0,Texas,TX,biden_csv,,,
Can’t wait to rejoin my former colleagues and students from for a virtual chat about this dull  boring  predictable #Campaign2020! #Trump #Biden and What could go wrong? Please join us 10/23 at noon PT https://t.co/d3yVcAwivX,7.0,3.0,North Dakota,ND,biden_csv,,,
If unreliable is the issue  why did social media never block anti-Trump stories? https://t.co/9AnFy7pMio #Wednesday #thursdaymorning #maddow #CNN #ThursdayThoughts #MSNBC #Burisma #BurismaGate #BurismaBiden #Biden #BidenHarris #HunterBidenEmails,2.0,1.0,New York,NY,biden_csv,,,
" #facts #MAGA2020 #Trump2020 #HunterBiden #JoeBiden",1.0,0.0,New York,NY,biden_csv,,,
The Plundering of Ukraine by Corrupt American Democrats (Oct 2019) https://t.co/w7F20zWZP9 #HunterBiden #JoeBiden #JohnKerry Clintonite Democrats #TheBidenFive Burisma Gas #MediaFailure Twitter and Facebook U.S. Foreign Aid #TaxPayers,0.0,0.0,California,CA,biden_csv,,,
" says screwed up by blocking article Smoking-gun email reveals how Hunter Biden introduced Ukrainian businessman to VP dad &amp; locking accts that shared the link. Gee  you dont say? #JoeBiden #HunterBiden #BurismaGate #Election2020 https://t.co/He6tzmOYZy",0.0,0.0,Missouri,MO,biden_csv,,,
Encuesta: #Biden supera por más de 8 puntos a #Trump en Michigan y Wisconsin. https://t.co/Lx3cVd7Hbh,0.0,0.0,District of Columbia,DC,biden_csv,,,
I watch MSNBC a lot. Lately I’ve been watching it daily. But with NBC agreeing to a competing Trump town hall after #JoeBiden announces one on CBS  I’m torn. Should I #BoycottMSNBC? Why or why not? #maddow #allinwithchris #lawrence #MorningJoe,0.0,0.0,Massachusetts,MA,biden_csv,,,
"#ACA #JoeBiden #healthcare #PlanYourVote #TrumpHasNoPlan #GOP #partyofNO #VoteJoe #JoeBiden #BidenHarris https://t.co/iRrno3tFeC",2.0,1.0,Texas,TX,biden_csv,,,
" is a empty suit for a Socialist Party #Trump2020 #JoeBiden #Biden2020 #VoteBiden #LatinosForTrump #TRUMP2020ToSaveAmerica https://t.co/fjMOlZnwax",0.0,0.0,Missouri,MO,biden_csv,,,
" This is #JoeBiden’s America https://t.co/Hv84SmOW4h",0.0,0.0,Ohio,OH,biden_csv,,,
"#HunterBidenEmails #HunterBiden #JoeBiden https://t.co/4V3EwzAZ6s",1.0,1.0,Colorado,CO,biden_csv,,,
Here’s 1 for ya #JoeBiden #goatvp #goatpresident #BidenHarris2020Landslide #BidenHarris #biden https://t.co/QMuNZOLa0a,0.0,0.0,Ohio,OH,biden_csv,,,
" If #Biden wins will step in &amp; likely before the inauguration if they can swing it. The #AmericanPeople deserve to know who &amp; what theyre voting for!! #Trump2020LandslideVictory",2.0,0.0,California,CA,biden_csv,,,
"¿QUIÉN GANARÁ LAS ELECCIONES DE ESTADOS UNIDOS? KATIUSKA ROMERO- Astróloga y Clarividente https://t.co/ZZTZihQkKY via #Trump or #Biden ",0.0,0.0,Florida,FL,biden_csv,,,
" #JoeBiden needs to go to jail.",0.0,0.0,South Carolina,SC,biden_csv,,,
"#Wisconsin podría ser el punto de inflexión en la carrera entre #Trump y #Biden https://t.co/WFf8A1hAn7",0.0,0.0,District of Columbia,DC,biden_csv,,,
" Hallelujah! 20 days until we see the dark &amp; evil depart and the light of Biden to lead the way #Biden #VoteBlueToEndThisNightmare #DumpTrump2020 https://t.co/TyCU7RlkiE",0.0,0.0,Alabama,AL,biden_csv,,,
Dear #Hunter   thank you for inviting me to DC and giving an opportunity to meet your father and spent [sic] some time together. #UkraineGate is real  #JoeBiden and #HunterBiden should be prosecuted for #AbuseOfPower . https://t.co/R9vuywFtom,3.0,2.0,Texas,TX,biden_csv,,,
"#JoeBiden https://t.co/GelMowfMRI",0.0,0.0,Texas,TX,biden_csv,,,
The question: is #biden actually winning? Beware of #trumpocrats https://t.co/Kny7dUlRzH,0.0,0.0,Pennsylvania,PA,biden_csv,,,
"#JoeBiden its a better choice https://t.co/KF0uZzlA0l",0.0,0.0,Arizona,AZ,biden_csv,,,
"#JoeBiden #HunterBiden #HunterBidenEmails #HunterBidensCrackpipe FUNNYpicsNETWORK (#7) GOOD CRACK HUNTER https://t.co/BnYBSJfYAn",0.0,0.0,New York,NY,biden_csv,,,
I’m glad people want to #BoycottNBC #BoycottNBCTownHall #BoycottMSNBC Why would they do this when Trump cancelled. Why give Trump his own show the same night as #JoeBiden’s. I don’t get it. https://t.co/m3l0roUbf1,0.0,0.0,Florida,FL,biden_csv,,,
" There is an old saying in politics called Big MO for Momentum. Right now the MO is with #JoeBiden",13.0,3.0,Missouri,MO,biden_csv,,,
"#biden #HunterBiden #GUILTY https://t.co/TNSVc5ji6A",0.0,0.0,Texas,TX,biden_csv,,,
Inside the life of Hunter Biden  Joe Bidens scandal-plagued son https://t.co/jHqnkkTnv5 via #Biden #Dems #voteBidenOut #VoteHimOut2020,0.0,0.0,Washington,WA,biden_csv,,,
"WATCH: #JoeBiden Claims There’s ‘Nothing Special About Being An American’ #ElectionDay #BidenCares #BidenHarrisToSaveAmerica #AmericaFirst #VoteBidenHarris? https://t.co/5cp3Hxjrbj via ",3.0,0.0,Georgia,GA,biden_csv,,,
" #JoeBiden or #realDonaldTrump will win next month’s election. If #CharlieBaker can’t tell the difference  we Massachusetts voters had better keep that in mind if he wants to run for another office.",0.0,0.0,Massachusetts,MA,biden_csv,,,
" Is he high again? Burmisia. What is that? Apparently trump can’t refute any of #JoeBiden plans so he goes after Hunter (not running for office) Hillary emails (not running for office) and Obama (not running for office). So what is trumps campaign strategy  2016?",2.0,1.0,Florida,FL,biden_csv,,,
How bad has today been for #Democrats ? broke the #HunterBiden bombshell #JoeBiden went into hiding #ACB will be confirmed to #SCOTUS #IceCube is #MAGA &amp; applied #censorship Witch resulted in the #StreisandEffect x100 #Trump had another YUGE rally https://t.co/DpK4Hc4wfJ,6.0,3.0,Florida,FL,biden_csv,,,
"Just tried to Tweet #BIDEN story just now from got this message: We cant complete this request because this link has been identified by Twitter or our partners as being potentially harmful. Visit our Help Center to learn more. #TwitterCensorship ",0.0,0.0,Ohio,OH,biden_csv,,,
Feel free to jump in #Republicans everywhere ! #JoeBiden is not THE enemy #TrumpCovid19 is https://t.co/nbJu6AO713,0.0,0.0,Louisiana,LA,biden_csv,,,
" Did you see this  freaking Burt Bacharach going to sing to seniors for #Biden way to go Burt. https://t.co/hHygFKjIGT",1.0,0.0,Wisconsin,WI,biden_csv,,,
You know why whole Hollywood douchebags are supporting for Biden Cuz they want privilege to make money in China. And pay no tax!!!!! #Hollywood #JoeBiden #PresidentTrump,0.0,0.0,Washington,WA,biden_csv,,,
He may even be persuading the military to protect and monitor voting at polling stations on election day and may have gained support from same military to guarantee he will remain in office even if #JoeBiden scores a decisive victory. Trump cares not how he stays in power.,1.0,0.0,Pennsylvania,PA,biden_csv,,,
"#HunterBiden is a crook. #JoeBiden is going to jail...weird how the corrupt is not who you think it is.",1.0,0.0,South Carolina,SC,biden_csv,,,
what is this special privilege #JoeBiden has? He can -- at any time -- tell the complicit media hes not answering any questions? Really? Is there any integrity left in the big media? Can you imagine if werent as available as he is? https://t.co/NMSf6FyzGG,169.0,75.0,Texas,TX,biden_csv,,,
They can try to shut down the #HunterBiden story and #JoeBiden all day but the American people are smart! It just proves you are trying to hide it. We have and last but not least the great to keep us informed!!#Trump2020,1.0,0.0,Alabama,AL,biden_csv,,,
" #VOTE #BidenHarris2020 #VoteBidenHarris2020 #JoeBiden #VoteBlueDownBallot https://t.co/L6miuP99li",0.0,0.0,New York,NY,biden_csv,,,
Wow. Will #Twitter delete my retweet? #BigTechCensorship #HunterBiden #JoeBiden #HunterBidenEmails #TwitterCensorship #NYPost #TuckerCarlson https://t.co/AHPoormsYm,3.0,1.0,Colorado,CO,biden_csv,,,
"#inners If #JoeBiden makes an ad from event where he asked seniors when was last time they hugged their grandchildren &amp; his gratitude for at least being able to see his (after they come thru the woods to grandpas house no less) its a #COVID19 K.O. Lights out. Game over.",0.0,0.0,Texas,TX,biden_csv,,,
" Because knows they will destroy ABC in the ratings   they know even all you #Trump haters will watch his town hall over #Biden as much as you hate him   you’ll watch it!",0.0,0.0,New Jersey,NJ,biden_csv,,,
It certainly did  does and will! #BidenGate - #Censorship - #Facebook &amp; #Twitter - #HunterBidenEmails - #HunterBiden &amp; #Biden https://t.co/7CEzWhEBUy,3.0,2.0,Texas,TX,biden_csv,,,
Yes the media is indeed asking Joe Biden questions you would ask a child and he still gives nonsense answers. #biden #Trump2020 #HunterBiden #SleepyJoe #DementiaJoe https://t.co/im8n4S2MZp,0.0,0.0,Kentucky,KY,biden_csv,,,
Do not watch during the Thursday night Town Hall for Joe #Biden. The fact that NBC has scheduled it in the same timeslot when Trump is the one who would not debate remotely is unconscionable. #BidenHarris2020 https://t.co/1N0kvaquKO,0.0,0.0,Florida,FL,biden_csv,,,
Salute these Americans who want their voices heard despite #GOP #VoterSuppression and make a historical difference by saving Democracy by voting for #JoeBiden THE REAL PATRIOTS #VoteHimOut2020 #VoteBlueDownBallot #RejectRacism #rejectFacism https://t.co/XGu3c5YCAd,0.0,0.0,California,CA,biden_csv,,,
" Are they on #Bidens payroll?",0.0,0.0,Ohio,OH,biden_csv,,,
Cocaine-laced cigarettes  crack  and vodka binges: Hunter Biden details his drug and alcohol abuse #JoeBiden shouldn’t have run for Presidency he should have put his family first.JFC this is disgusting https://t.co/e5a1G5DeiD,2.0,0.0,Texas,TX,biden_csv,,,
"#censorship #JoeBiden #Election2020 #HunterBiden https://t.co/j4z0viBbKJ",1.0,0.0,Pennsylvania,PA,biden_csv,,,
" Good grief! Youve got to be kidding...right? #HidenBiden is playing your game of playing it safe. That isnt leadership or change. #JoeBiden needs to quietly retire. Hes an embarrassment! #Jomentia for sure! ",0.0,1.0,New York,NY,biden_csv,,,
Joe Biden - We already have a N*gger Mayor  we dont need anymore N*gger Big shots With 47 years in politics  this is the person Democrats say will fix racism in America. Twitter deleted the last video. Why? #JoeBiden #KamalaHarris #JoeBidenIsARacist #BlackLivesMatter #Antifa https://t.co/7YluwPL7zo,212.0,238.0,Florida,FL,biden_csv,,,
" Im sure that gave #JoeBiden a chuckle. Are you havin a laff? Is he havin a laff?",7.0,2.0,Florida,FL,biden_csv,,,
"#Biden crooked as they come #VoteRedToSaveAmerica https://t.co/e4Atg4sGCR",0.0,0.0,Florida,FL,biden_csv,,,
Let’s put a proverbial dagger in the heart of the devil himself #VOTE #VoteHimOut2020 #VoteBiden #VoteBlueToEndThisNightmare #JoeWillLeadUs #VoteBidenHarris #JoeBiden #KamalaHarris https://t.co/sQ9KCOOrcM,0.0,0.0,Wisconsin,WI,biden_csv,,,
This Joe Biden story was probably leaked by Democrats (because we know Republicans have no friends at the FBI). The reason? To get Joe off the ticket and give it to Kamala. #JoeBiden #MAGA,3.0,0.0,California,CA,biden_csv,,,
" Ill be voting #BidenHarrisToSaveAmerica #Biden on 10/24 you are doing a fantastic job. Keep the faith! https://t.co/I8WMX9dYq8",5.0,1.0,Florida,FL,biden_csv,,,
How many times did #Biden run for #POTUS Answer is 3  its a shame that people used to be smarter than today and voted down his ass. #CorruptJoeBiden #HunterBiden Wake up  he is just as corrupt if not more than Trump and a 40 year politician  we dont need more politicians,1.0,0.0,Arkansas,AR,biden_csv,,,
. Your network is sick for scheduling #Trump’s Town hall during #Biden’s slot on ABC after Trump turned down a remote debate which even Nixon did with Kennedy! You are rewarding Trump.,0.0,0.0,Florida,FL,biden_csv,,,
Right Now on NightSide - Sen. Hirono (D. HI) asks bizarre sex questions of #JudgeAmyBarrett - LATER - Hunter #Bidens #Laptop explodes on the pages of the #NYPost 10 - WBZ 1030 AM - 617-254-1030 or 888-929-1030,1.0,0.0,Massachusetts,MA,biden_csv,,,
Reasons to Vote for Joe! https://t.co/PMSH7Rxztz #biden2020 #joebiden #biden #vote https://t.co/PMSH7Rxztz,1.0,0.0,Indiana,IN,biden_csv,,,
" Are you going to address the bombshell that exposed the #Biden family lying #Democrats for what the truly are? #CORRUPT https://t.co/y5UK7znPpG",0.0,0.0,Connecticut,CT,biden_csv,,,
" But....#TaraReade has been silenced and it’s okay for #Biden. What a #ShitShow",0.0,1.0,New York,NY,biden_csv,,,
Inside Joe #Biden’s ‘House Divided’: Who Really Owns the House https://t.co/TuvKmeY2IU via https://t.co/9Je7PMCALs,0.0,3.0,District of Columbia,DC,biden_csv,,,
A win by Joe #Biden in November’s #presidential #election will likely translate to changes in federal strategies on #trade  #regulation and its commitment to protect seasonal #produce growers in the U.S. Southeast. Story https://t.co/0irDKCzK99 https://t.co/qWSkxAPbYP,0.0,0.0,Kansas,KS,biden_csv,,,
" #TuckerCarlson #Biden #BLM #Biden2020 #AOC #LatinosForTrump #SleepyJoe",0.0,0.0,Pennsylvania,PA,biden_csv,,,
" who’s the dog face pony soldier now ? #WheresHunter #JoeBiden ",0.0,0.0,Ohio,OH,biden_csv,,,
Frontline’s look at the rise of #Trump and #Biden is on now and fascinating. #PBS,0.0,0.0,District of Columbia,DC,biden_csv,,,
"#censorship #JoeBiden #Election2020 #HunterBiden https://t.co/4465awhKMX",0.0,0.0,Pennsylvania,PA,biden_csv,,,
By the way  there are a ton of videos of #JoeBiden using the term sexual preference Ruth Bader Ginsburg is on video using same term An LGBTQ magazine used term 3 weeks ago The idiot Senator today chastised Amy Coney Barrett as a homophobe by using the same term,0.0,0.0,Arizona,AZ,biden_csv,,,
I did understood why #Biden was bragging about making that threat to begin with. https://t.co/fy0nYN7qYK,0.0,0.0,Florida,FL,biden_csv,,,
If you are interested in being a #PollWatcher on Election Day  please use the #VoterProtection Volunteer Sign-Up Form below. The #Biden Campaign is hosting the training that will take place once you complete this form. #Election2020 #VoterSuppression https://t.co/f33s2mBK6X,0.0,0.0,Florida,FL,biden_csv,,,
"#HunterBiden #HunterBidenRussiaCollusion #HunterBidenChinaPayoff #BillionAndHalf #RedChina Owns #Biden #Burisma #Ukraine #Corruption #BurismaBribedBiden #HunterBidenRussiaCollusion #RegulateSiliconValley #Google #Facebook #Twitter #RegulateBigTech End #AntiTrust #Exemption https://t.co/1skVakWCV6",0.0,0.0,California,CA,biden_csv,,,
LOL just discovered this thread and it’s incredible. #Bidementia #Biden https://t.co/mxtEUYuRJH,0.0,0.0,District of Columbia,DC,biden_csv,,,
The LAME excuses provided by fall on deaf ears. They know nothing was hacked Computer was abandoned &amp; not protected This is a blatant LIE to cover up their blatant attempt to protect #JoeBiden &amp; outrageous #ElectionInterference by covering up relevant info https://t.co/8U7qxSTVsz,0.0,0.0,Montana,MT,biden_csv,,,
"#HunterBiden #HunterBidenEmails Why is the press covering up the facts. He used his daddies influence to get rich and despite that Joe #Biden denies it the paper trail shows otherwise. #Hunter is a pos and his daddy helped him get rich.",0.0,0.0,Arkansas,AR,biden_csv,,,
"#Twitter #Facebook #Biden is gone  this is the #USA not #Russia",0.0,0.0,Texas,TX,biden_csv,,,
Early voted for today and can’t wait to see him as our President come November 3rd. Please vote for #Biden &amp; to help end this nightmare. #JoeWillLeadUs #VoteBidenHarris #VoteToEndThisNightmare #Vote #VoteBiden,0.0,0.0,Texas,TX,biden_csv,,,
The Russian collusion crowd is quiet. #trump2020 #biden,0.0,0.0,California,CA,biden_csv,,,
Presidential debate: #Trump’s insult to #Biden family is disgusting https://t.co/Dw72MA1GD2 #Election2020 https://t.co/mie5keGzkC,0.0,0.0,Colorado,CO,biden_csv,,,
Love your leftist bias #Twitter. Its possible the info on #Biden is false  but also as likely possibly true. Where you showed gross bias was locking out accounts as per your hacked material policy. This information was received from a discarded hard drive  thats not hacking.,3.0,1.0,Texas,TX,biden_csv,,,
The REAL #JoeBiden https://t.co/TTdnvKfy2z,1.0,1.0,New Jersey,NJ,biden_csv,,,
"   what is your opinion of #TaraReade allegations now? Is #Biden still against busing or is ability to time travel (Nobel prize in Physics coming) found and all wrongs have been righted?",0.0,0.0,New York,NY,biden_csv,,,
Heres Malcolm Xs actual words for all the people using him against Crazy how relevant this is still today! #IceCube #CWBA #malcolmx #trump #biden https://t.co/x810HStRlR,2.0,1.0,Texas,TX,biden_csv,,,
In all fairness to #Biden he may not even remember his meeting with #Burisma exec https://t.co/atd9KGinnd,2.0,1.0,Florida,FL,biden_csv,,,
"#VoteBlueDownBallot #vote #COVID19 #trump #biden https://t.co/MAuQHpsIC7",0.0,0.0,California,CA,biden_csv,,,
Maybe if we can it Ukrainian collusion the liberal media would care? #Trump #Biden,0.0,0.0,California,CA,biden_csv,,,
"#Biden U.S. SCHOOLS: ALL FLATLY REFUSING TO EDUCATE BLACKS  INSTEAD OF SHOVING THEM THRU UR SYSTEMS IGNORANT! R AS GUILTY OF OUR GENOCIDE AS:CRACK/HEROIN MAKERS/DEALERS; GUN-RUNNERS; VENOMOUS GANGSTA RAPPERS; SATAN-SRVNG RELIGIOUS LEADERS  REFUSING TO PREACH AGNST HIM! HELLBOUND!",0.0,0.0,Illinois,IL,biden_csv,,,
"#biden. Its pretty sad that Joe biden is on the record saying if you dont fire the prosecutor  you dont get the million dollars. So  that aint biden saying that??? You people are stupid hypocrites https://t.co/qFmPPe15Ej",0.0,0.0,Georgia,GA,biden_csv,,,
I hope brings the heat to and about the hypocrisy of rewarding Trump with a town hall scheduled against Bidens town hall. Why is #NBC and #MSNBC rewarding bad behavior? #JoeBiden,0.0,0.0,Maryland,MD,biden_csv,,,
"#Biden #Ettinger #sealteam6 https://t.co/grn6ZjY8tz",2.0,0.0,Florida,FL,biden_csv,,,
Hmm...#JoeBiden #HunterBiden #ForSale #Election2020 #Corruption https://t.co/EQXcoXuXdw,0.0,0.0,Pennsylvania,PA,biden_csv,,,
"#HunterBiden #HunterBidenEmails #HunterBidenCrackPipe #JoeBiden #BidenHarrisToSaveAmerica #TrumpPence2020 FUNNYpicsNETWORK (#8) HUNTER https://t.co/jBNUkYtJRW",0.0,0.0,New York,NY,biden_csv,,,
Trump calls Hunter #Biden emails a smoking gun  calls on former VP to release more info https://t.co/syHOZfnf3c https://t.co/anSAOE8zim,0.0,0.0,California,CA,biden_csv,,,
Potentially harmful to a certain brain-dead placeholder for a potential Kamala Harris presidency. #Biden https://t.co/d885Ph0Xqx,0.0,0.0,California,CA,biden_csv,,,
I feel like the real #left is #unified we are against &amp; so stop calling for #unity you aren’t an agent of change. #JoeBiden #American #AmericaFirst #USA #TrumpIsNotAmerica #BlackLivesMatter,0.0,0.0,Pennsylvania,PA,biden_csv,,,
" yes  start #BoycottNBCTownHall #BoycottNBC #BoycottMSNBC #BoycottTrumpTownHall #BoycottTrumpOnNBC #BidenTownHall #ABCNews #VOTE #VoteEarly #VoteBiden #JoeBiden #VoteBidenHarris2020 #VoteBlueToEndThisNightmare https://t.co/QXVxNLTUf3 https://t.co/uB4ksOa9Qe",0.0,0.0,Maryland,MD,biden_csv,,,
Let’s goooooooooooo #Biden https://t.co/rAP19a8nr9,0.0,0.0,Michigan,MI,biden_csv,,,
Wow! Took a day off and things are worse. Why is #Cheeto getting TV time from That’s BS! And the published crap about #Biden for which Twitter locked out the liar-and-false-info-disseminator Press Sec. FTW today! #vote #VoteHimOut2020,4.0,2.0,California,CA,biden_csv,,,
Bruh what the fuck is this shit?! knows when negroes have something important to discuss - they rap about it. The only thing missing is a watermelon patch #JoeBiden #BidenHarrisToSaveAmerica #BidenHarrisLandslide2020 #Trump2020 #WalkAway #Democrat #Republicans https://t.co/MzzvzViGkh,0.0,0.0,Florida,FL,biden_csv,,,
" Cory votes with and enables his climate denying party while his state burns. #biden #Cosen #Hickenlooper https://t.co/Pz7ooeN03Z",0.0,0.0,Massachusetts,MA,biden_csv,,,
" #RegulateSiliconValley End #AntiTrust #Exemption #Google #Facebook #Twitter End #Censorship of #Conservatives #RedChina Owns #SiliconValley #RedChina Owns #Biden #HunterBiden #HunterBidenChinaPayoff #BillionAndHalf #HunterBidenRussiaCollusion #BurismaBribedBiden https://t.co/QkXMarnQZ1",0.0,0.0,California,CA,biden_csv,,,
If it isnt true  then why do you need to censor it? #SmokingGunEmail #doublestandard #censorship #Biden #QuidProQuoJoe https://t.co/qr6zceZk3R,7.0,5.0,California,CA,biden_csv,,,
" Those that live in glass houses  shouldn’t throw stones. Don’t #MaskUp when it’s a good photo opportunity. #BidenHarris #COVID19 #JoeBiden https://t.co/lVbVoM32ha",0.0,0.0,Arizona,AZ,biden_csv,,,
" #Biden https://t.co/ylq41UBCF6",0.0,0.0,Florida,FL,biden_csv,,,
